,Extracted Bedrooms,Extracted area,Extracted Bathrooms,Extracted Area_JHB,Extracted listing agency,Extracted Type,Extracted Available Month,RandomForestRegressor,DecisionTreeRegressor,XGBRegressor,id
0,2.0,10000.0,0.0,72,58,1,9,23289.5,4150.0,-37.437202,20192273.0
1,2.0,70.0,0.0,72,58,1,9,8088.0,7800.0,7584.885,20192286.0
2,2.0,40.0,0.0,72,58,1,9,6846.6,5625.0,5197.5933,20192333.0
3,2.0,0.0,0.0,72,58,1,9,10121.5,5500.0,8158.76,20192350.0
4,2.0,0.0,0.0,72,58,1,9,10121.5,5500.0,8158.76,20192375.0
5,2.0,10000.0,0.0,72,58,1,9,23289.5,4150.0,-37.437202,20192381.0
6,2.0,0.0,0.0,72,58,1,9,10121.5,5500.0,8158.76,20192423.0
7,2.0,36.0,0.0,72,58,1,9,5697.265,6000.0,4207.62,20192436.0
8,2.0,0.0,0.0,72,58,1,9,10121.5,5500.0,8158.76,20192442.0
9,2.0,0.0,0.0,72,58,1,9,10121.5,5500.0,8158.76,20192462.0
10,2.0,40.0,0.0,72,58,1,9,6846.6,5625.0,5197.5933,20192480.0
11,2.0,0.0,0.0,72,58,1,9,10121.5,5500.0,8158.76,20192492.0
12,2.0,0.0,0.0,72,58,1,9,10121.5,5500.0,8158.76,20192494.0
13,2.0,0.0,0.0,72,58,1,9,10121.5,5500.0,8158.76,20192497.0
14,2.0,68.0,0.0,72,58,1,9,9401.5,7800.0,8270.35,20192502.0
15,2.0,0.0,0.0,72,58,1,9,10121.5,5500.0,8158.76,20192553.0
16,2.0,0.0,0.0,72,58,1,9,10121.5,5500.0,8158.76,20192557.0
17,2.0,0.0,0.0,72,58,1,9,10121.5,5500.0,8158.76,20192569.0
18,2.0,36.0,0.0,72,58,1,9,5697.265,6000.0,4207.62,20192574.0
19,2.0,30.0,0.0,72,58,1,9,5238.045,6000.0,3432.5793,20192596.0
20,2.0,0.0,0.0,72,58,1,9,10121.5,5500.0,8158.76,20192648.0
21,2.0,0.0,0.0,72,58,1,9,10121.5,5500.0,8158.76,20192678.0
22,2.0,0.0,0.0,72,58,1,9,10121.5,5500.0,8158.76,20192724.0
23,2.0,0.0,0.0,72,58,1,9,10121.5,5500.0,8158.76,20192728.0
24,2.0,0.0,0.0,72,58,1,9,10121.5,5500.0,8158.76,20192761.0
25,2.0,0.0,0.0,72,58,1,9,10121.5,5500.0,8158.76,20192801.0
26,2.0,55.0,0.0,72,58,1,9,6661.5,5000.0,4817.57,20192803.0
27,2.0,111.0,0.0,72,12,1,9,23720.2,5800.0,24009.707,20192805.0
28,2.0,42.0,0.0,72,58,1,9,6888.95,5800.0,5166.8325,20192838.0
29,2.0,0.0,0.0,72,58,1,9,10121.5,5500.0,8158.76,20192870.0
30,2.0,0.0,0.0,72,58,1,9,10121.5,5500.0,8158.76,20192884.0
31,2.0,0.0,0.0,72,58,1,9,10121.5,5500.0,8158.76,20192898.0
32,2.0,0.0,0.0,72,58,1,9,10121.5,5500.0,8158.76,20192965.0
33,2.0,0.0,0.0,72,58,1,9,10121.5,5500.0,8158.76,20192971.0
34,2.0,40.0,0.0,72,58,1,9,6846.6,5625.0,5197.5933,20193028.0
35,2.0,0.0,0.0,72,58,1,9,10121.5,5500.0,8158.76,20193041.0
36,2.0,0.0,0.0,72,58,1,9,10121.5,5500.0,8158.76,20193042.0
37,2.0,0.0,0.0,72,58,1,9,10121.5,5500.0,8158.76,20193079.0
38,2.0,50.0,0.0,72,58,1,9,7407.485,4200.0,6128.516,20193089.0
39,2.0,0.0,0.0,72,58,1,9,10121.5,5500.0,8158.76,20193097.0
40,2.0,0.0,0.0,72,58,1,9,10121.5,5500.0,8158.76,20193111.0
41,1.0,0.0,1.0,18,52,0,7,7794.8,8750.0,7863.557,20192221.0
42,2.0,130.0,0.0,72,58,1,9,17321.5,5800.0,15250.093,20192222.0
43,1.0,96.0,1.5,47,16,0,3,14974.0,15000.0,12206.684,20192224.0
44,2.0,110.0,1.0,30,85,2,8,13680.2,1790.0,14127.082,20192225.0
45,2.0,0.0,2.5,94,36,0,0,19370.5,15500.0,13978.56,20192226.0
46,2.0,0.0,0.0,72,58,1,9,10121.5,5500.0,8158.76,20192230.0
47,2.0,33.0,0.0,72,58,1,9,6321.95,6000.0,3944.0366,20192231.0
48,2.0,42.0,0.0,100,0,2,9,5445.15,4500.0,5719.055,20192232.0
49,2.0,0.0,2.0,23,97,0,0,11975.97,20000.0,11285.014,20192233.0
50,2.0,0.0,0.0,72,58,1,9,10121.5,5500.0,8158.76,20192234.0
51,2.0,0.0,0.0,72,0,1,9,5392.05,5300.0,4878.003,20192235.0
52,2.0,20.0,0.0,72,58,1,9,4436.885,2198.5,3091.1487,20192236.0
53,1.0,0.0,1.0,40,103,0,0,9524.6,12000.0,6981.048,20192237.0
54,3.0,229.0,3.0,85,101,2,0,16312.76,11000.0,12627.173,20192238.0
55,3.0,0.0,3.0,75,90,0,7,23975.0,27000.0,24043.129,20192239.0
56,2.0,0.0,0.0,72,58,1,9,10121.5,5500.0,8158.76,20192241.0
57,1.0,0.0,1.0,41,52,0,7,6744.9,8750.0,7091.271,20192243.0
58,0.5,0.0,1.0,41,35,0,0,4261.81,3275.0,5210.7173,20192245.0
59,2.0,40.0,0.0,72,1,1,9,5717.3,5625.0,4647.45,20192246.0
60,3.0,0.0,2.0,56,34,0,4,16722.0,11000.0,15116.677,20192247.0
61,1.0,40.0,1.0,45,83,2,3,5933.03,6000.0,5122.1255,20192248.0
62,2.0,0.0,1.0,40,103,0,0,11792.7,7000.0,8617.538,20192249.0
63,2.0,0.0,1.0,63,17,0,8,10233.15,9000.0,8294.159,20192250.0
64,2.0,0.0,0.0,72,58,1,9,10121.5,5500.0,8158.76,20192251.0
65,2.0,0.0,2.0,22,34,0,4,18767.0,14000.0,17815.219,20192252.0
66,2.0,0.0,2.0,5,72,2,7,15978.5,12000.0,13562.584,20192253.0
67,3.0,0.0,2.0,70,67,2,8,13807.52,8000.0,7550.819,20192254.0
68,2.0,0.0,0.0,72,58,1,9,10121.5,5500.0,8158.76,20192255.0
69,2.0,0.0,0.0,72,116,1,9,7856.495,6925.0,9605.819,20192257.0
70,3.0,179.0,2.0,47,46,0,8,19247.0,30000.0,12364.526,20192258.0
71,2.0,0.0,2.0,102,100,0,3,14518.0,9500.0,13410.462,20192260.0
72,2.0,31.0,0.0,72,58,1,9,5874.71,6000.0,3753.8806,20192261.0
73,1.0,50.0,1.0,8,93,0,7,5830.1,4000.0,5052.701,20192262.0
74,1.0,38.0,1.0,82,83,0,0,5562.63,6500.0,5029.391,20192264.0
75,3.0,0.0,3.5,57,83,0,0,42806.5,55000.0,27980.328,20192265.0
76,1.0,55.0,1.0,47,83,0,3,6987.5,7000.0,5502.6235,20192266.0
77,2.0,0.0,0.0,72,58,1,9,10121.5,5500.0,8158.76,20192267.0
78,2.0,0.0,1.0,95,35,0,8,11579.4,14000.0,8243.658,20192269.0
79,1.0,0.0,1.0,108,83,0,3,6788.66,7500.0,9476.318,20192270.0
80,2.0,86.0,1.0,109,85,0,7,9028.5,10750.0,8493.207,20192271.0
81,2.0,0.0,0.0,72,1,1,9,5225.15,5300.0,4701.2124,20192274.0
82,2.0,100.0,2.0,23,76,0,3,13654.5,12000.0,10570.642,20192275.0
83,2.0,0.0,0.0,72,58,1,9,10121.5,5500.0,8158.76,20192276.0
84,2.0,0.0,1.0,95,35,0,8,11579.4,14000.0,8243.658,20192277.0
85,1.0,0.0,1.0,41,35,0,7,7879.0,16900.0,6919.0483,20192278.0
86,3.0,0.0,2.0,20,100,2,7,12250.29,12200.0,12540.998,20192279.0
87,2.0,27.0,0.0,72,1,1,9,4293.4,3650.0,3357.7878,20192281.0
88,2.0,110.0,2.0,59,97,0,4,15322.56,13500.0,15833.786,20192282.0
89,1.0,0.0,1.0,110,83,0,4,6390.21,3800.0,6933.907,20192283.0
90,2.0,60.0,1.0,94,83,0,7,5756.1,7500.0,5598.5376,20192285.0
91,2.0,100.0,0.0,72,58,1,9,11996.64,10900.0,13948.409,20192287.0
92,2.0,0.0,1.0,59,79,0,0,7117.53,4000.0,7099.1177,20192288.0
93,2.0,88.0,2.0,113,14,0,3,19942.0,15000.0,18316.951,20192289.0
94,1.0,30.0,1.0,4,55,0,10,7439.235,6000.0,6964.94,20192290.0
95,1.0,0.0,1.0,13,86,0,3,3921.34,2160.0,7083.333,20192291.0
96,2.0,60.0,0.0,72,58,1,9,6351.75,4500.0,5775.928,20192292.0
97,2.0,41.0,0.0,72,58,1,9,6888.95,5800.0,5218.9634,20192293.0
98,2.0,60746.0,1.0,38,93,0,7,8239.0,6900.0,5788.3486,20192297.0
99,0.5,0.0,1.0,13,86,0,3,4165.25,5000.0,6336.2773,20192298.0
100,2.0,110.0,1.0,76,90,0,0,16875.1,15500.0,29525.64,20192299.0
101,2.0,0.0,2.0,5,72,2,3,14031.0,12000.0,13239.547,20192300.0
102,2.0,0.0,2.5,94,75,0,0,18531.5,15500.0,18472.348,20192301.0
103,2.0,62.0,0.0,72,58,1,9,7118.0,6800.0,6115.845,20192302.0
104,2.0,0.0,2.0,110,82,0,0,15795.5,7000.0,12469.855,20192303.0
105,2.0,0.0,2.0,110,82,2,0,11934.28,7400.0,12033.377,20192304.0
106,2.0,0.0,0.0,72,58,1,9,10121.5,5500.0,8158.76,20192305.0
107,3.0,185.0,2.5,47,40,0,4,19859.5,12000.0,18678.049,20192308.0
108,2.0,0.0,2.0,85,32,0,11,17313.0,22500.0,15635.677,20192309.0
109,2.0,0.0,2.0,94,100,0,0,11803.5,7000.0,11472.842,20192310.0
110,1.0,0.0,1.0,56,34,0,3,6674.58,4650.0,5743.1265,20192312.0
111,3.0,0.0,2.0,56,34,0,4,16722.0,11000.0,15116.677,20192315.0
112,1.0,0.0,1.0,83,84,0,0,7519.28,10535.0,4840.697,20192316.0
113,1.0,62.0,1.0,57,73,0,7,7522.75,8000.0,6460.0464,20192317.0
114,2.0,450180.0,2.0,35,50,2,3,13474.8,16000.0,12434.64,20192318.0
115,3.0,0.0,1.0,40,103,0,0,8567.85,8000.0,7810.3125,20192320.0
116,2.0,0.0,0.0,72,58,1,9,10121.5,5500.0,8158.76,20192322.0
117,4.0,0.0,3.5,39,71,2,7,48840.0,45000.0,52595.17,20192323.0
118,2.0,80.0,1.0,89,10,0,3,7078.0,6250.0,7940.197,20192324.0
119,1.0,68.0,1.0,68,74,0,10,9282.0,7800.0,7038.3076,20192325.0
120,2.0,53.0,0.0,72,1,1,9,10021.9,17000.0,11997.005,20192326.0
121,4.0,69.0,4.0,39,4,2,0,48620.0,45000.0,42480.566,20192327.0
122,3.0,81.0,3.0,39,4,2,0,24033.6,13000.0,11001.092,20192328.0
123,2.0,0.0,2.0,51,100,0,3,13441.5,7300.0,18312.252,20192330.0
124,1.0,80.0,1.0,114,93,0,7,6165.0,3400.0,4003.7393,20192331.0
125,2.0,0.0,0.0,72,58,1,9,10121.5,5500.0,8158.76,20192332.0
126,1.0,0.0,1.0,39,83,0,0,5153.21,4600.0,5023.891,20192334.0
127,2.0,70.0,1.0,80,96,2,3,7720.85,8000.0,6843.8423,20192335.0
128,2.0,0.0,1.0,35,14,0,3,8051.6,5800.0,8258.7,20192336.0
129,0.5,26.0,1.0,13,57,0,4,4988.4,5000.0,8279.659,20192337.0
130,3.0,0.0,3.0,94,32,0,2,20514.0,22000.0,17389.268,20192339.0
131,2.0,10965.0,0.0,72,58,1,9,23739.5,4150.0,300.90158,20192340.0
132,2.0,0.0,0.0,72,58,1,9,10121.5,5500.0,8158.76,20192341.0
133,1.0,0.0,1.0,41,52,0,7,6744.9,8750.0,7091.271,20192342.0
134,2.0,106.0,3.0,29,97,0,7,18453.8,28000.0,6718.5327,20192344.0
135,2.0,0.0,1.0,113,38,2,7,9336.85,7800.0,12016.935,20192345.0
136,2.0,150.0,1.0,47,90,0,11,17381.8,11000.0,8844.487,20192346.0
137,2.0,0.0,1.0,95,35,0,4,10328.0,14000.0,8145.1562,20192348.0
138,2.0,24.0,0.0,72,58,1,9,5385.65,6000.0,2871.1594,20192351.0
139,2.0,0.0,1.0,48,83,0,0,5974.78,3900.0,5604.9756,20192352.0
140,2.0,43.0,0.0,72,58,1,9,6825.7,5375.0,5145.9463,20192353.0
141,1.0,0.0,1.0,41,52,0,4,6882.9,8750.0,7122.736,20192354.0
142,2.0,0.0,0.0,72,1,1,9,5225.15,5300.0,4701.2124,20192355.0
143,2.0,0.0,0.0,72,58,1,9,10121.5,5500.0,8158.76,20192356.0
144,2.0,0.0,1.0,61,39,0,8,10681.0,5500.0,8018.039,20192357.0
145,2.0,33.0,0.0,72,58,1,9,6321.95,6000.0,3944.0366,20192360.0
146,4.0,360.0,4.0,39,88,0,4,50375.0,50000.0,53007.008,20192362.0
147,0.5,0.0,1.0,68,43,0,4,4253.355,1600.0,3561.5159,20192364.0
148,1.0,65.0,1.0,41,83,0,3,6716.32,8000.0,6489.176,20192368.0
149,2.0,117.0,0.0,72,58,1,9,17436.0,5800.0,14966.289,20192370.0
150,2.0,0.0,0.0,72,111,1,9,7575.995,6925.0,7432.508,20192371.0
151,1.0,160.0,1.0,4,55,0,10,18814.6,13000.0,19288.006,20192374.0
152,3.0,0.0,2.0,34,100,0,3,9524.99,12450.0,10457.788,20192378.0
153,2.0,0.0,0.0,72,1,1,9,5225.15,5300.0,4701.2124,20192382.0
154,1.5,0.0,1.5,57,83,0,7,12578.44,11900.0,7448.965,20192384.0
155,2.0,0.0,1.0,36,93,0,0,9105.92,6700.0,4561.6787,20192386.0
156,3.0,100921.0,1.0,1,83,0,7,8122.0,5800.0,4168.486,20192387.0
157,2.0,0.0,0.0,41,35,0,9,10593.9,16900.0,9621.876,20192389.0
158,2.0,32.0,0.0,72,58,1,9,6076.075,6000.0,3587.22,20192390.0
159,1.0,0.0,1.0,10,68,0,7,6294.325,6000.0,5879.349,20192391.0
160,2.0,27.0,0.0,72,58,1,9,5873.76,6000.0,3896.8523,20192392.0
161,2.0,33.0,0.0,72,58,1,9,6321.95,6000.0,3944.0366,20192394.0
162,2.0,30.0,0.0,72,1,1,9,4662.7,4500.0,3155.7756,20192395.0
163,2.0,0.0,0.0,72,117,1,9,7290.495,6925.0,8039.441,20192396.0
164,2.0,92.0,2.0,94,20,0,10,17364.5,17000.0,14100.572,20192397.0
165,2.0,35.0,0.0,72,58,1,9,5749.265,6000.0,3680.9243,20192401.0
166,0.5,0.0,1.0,38,52,0,7,4277.34,3275.0,6235.848,20192404.0
167,2.0,0.0,0.0,72,1,1,9,5225.15,5300.0,4701.2124,20192405.0
168,1.0,63.0,1.0,94,75,0,0,6928.7,6300.0,6415.562,20192406.0
169,2.0,35.0,0.0,72,58,1,9,5749.265,6000.0,3680.9243,20192409.0
170,1.0,0.0,1.0,12,83,0,7,4912.325,7000.0,6679.0977,20192410.0
171,2.0,0.0,1.0,22,36,0,0,9354.9,11000.0,7755.3394,20192411.0
172,4.0,440.0,4.5,39,5,0,1,65875.0,65000.0,58041.117,20192412.0
173,2.0,0.0,2.0,94,81,0,8,11979.78,10000.0,9229.598,20192413.0
174,1.0,54.0,1.0,56,94,0,6,9892.25,7000.0,5712.06,20192414.0
175,1.0,0.0,1.0,13,86,0,3,3921.34,2160.0,7083.333,20192415.0
176,2.0,40.0,0.0,72,58,1,9,6846.6,5625.0,5197.5933,20192416.0
177,2.0,35.0,0.0,72,58,1,9,5749.265,6000.0,3680.9243,20192418.0
178,1.0,39.0,1.0,13,86,0,3,4342.32,6500.0,5843.2305,20192421.0
179,1.0,0.0,1.0,56,88,0,3,4257.78,3766.0,4473.374,20192422.0
180,2.0,120456.0,1.0,52,50,2,3,6785.9,7500.0,7170.9854,20192424.0
181,2.0,0.0,0.0,72,1,1,9,5225.15,5300.0,4701.2124,20192425.0
182,2.0,130.0,1.0,47,83,0,0,16129.0,20000.0,12447.375,20192426.0
183,2.0,180.0,2.0,23,88,0,10,22405.0,28000.0,21038.805,20192427.0
184,2.0,45.0,0.0,72,58,1,9,6675.0,5500.0,5419.911,20192429.0
185,1.0,43.0,1.0,41,93,0,4,5681.27,6000.0,4689.6,20192430.0
186,3.0,0.0,1.0,35,50,0,4,7298.85,6120.0,6583.3066,20192431.0
187,2.0,0.0,0.0,72,1,1,9,5225.15,5300.0,4701.2124,20192432.0
188,2.0,20899.0,0.0,72,1,1,9,17569.0,6900.0,488.53983,20192433.0
189,2.0,0.0,1.0,63,17,0,0,8994.0,5800.0,7709.7363,20192434.0
190,2.0,0.0,2.0,28,100,0,0,13145.98,17000.0,15395.505,20192435.0
191,3.0,140.0,2.0,56,85,0,3,13621.97,10000.0,10581.237,20192437.0
192,1.0,0.0,1.0,45,83,0,7,4334.89,3900.0,6177.433,20192438.0
193,2.0,0.0,0.0,72,1,1,9,5225.15,5300.0,4701.2124,20192439.0
194,2.0,124.0,1.0,7,93,0,3,16120.8,13000.0,29338.695,20192440.0
195,2.0,0.0,2.0,49,50,2,8,18284.5,16000.0,10716.003,20192443.0
196,2.0,0.0,0.0,72,110,1,9,7749.495,6925.0,7432.508,20192444.0
197,1.0,0.0,1.0,84,85,0,7,6715.2,10535.0,5503.9404,20192447.0
198,1.0,27.0,1.0,24,83,0,3,4938.52,6500.0,6719.9175,20192450.0
199,2.0,0.0,0.0,72,105,1,9,8602.745,6925.0,9998.44,20192452.0
200,1.0,0.0,1.0,94,20,0,3,8344.0,1950.0,7012.0317,20192453.0
201,1.5,0.0,1.0,114,93,0,0,6409.65,3700.0,3650.71,20192454.0
202,3.0,156.0,2.0,16,30,0,4,17062.48,16000.0,14645.953,20192455.0
203,2.0,102.0,1.0,23,93,0,4,8783.7,7800.0,8912.32,20192456.0
204,2.0,30.0,0.0,72,1,1,9,4662.7,4500.0,3155.7756,20192457.0
205,1.0,0.0,1.0,53,43,0,0,7308.18,5250.0,3738.4685,20192458.0
206,2.0,81.0,0.0,72,58,1,9,9161.5,7800.0,8533.793,20192460.0
207,2.0,0.0,1.0,59,83,0,3,6480.0,4000.0,6574.232,20192461.0
208,2.0,0.0,2.0,86,97,0,3,10393.0,9500.0,9680.385,20192463.0
209,2.0,0.0,2.0,109,4,0,4,21102.5,17000.0,17749.502,20192464.0
210,2.0,0.0,2.0,35,50,2,6,22634.0,16000.0,19478.123,20192465.0
211,3.0,0.0,2.0,109,20,2,10,17743.92,13000.0,19141.79,20192466.0
212,1.0,46.0,1.0,13,86,0,2,5593.62,6000.0,8358.091,20192468.0
213,1.0,0.0,1.0,38,53,0,2,7086.4,8750.0,7718.5845,20192469.0
214,0.5,0.0,1.0,114,52,0,7,3751.365,1500.0,3571.8513,20192470.0
215,2.0,0.0,1.0,100,3,0,10,5410.86,4995.0,7840.9087,20192471.0
216,2.0,0.0,0.0,72,58,1,9,10121.5,5500.0,8158.76,20192472.0
217,2.0,0.0,0.0,72,113,1,9,7761.995,6925.0,8197.23,20192473.0
218,2.0,0.0,2.0,39,30,0,3,17646.5,15000.0,13143.367,20192476.0
219,1.0,0.0,1.0,57,36,0,0,7358.1,3850.0,6668.3105,20192477.0
220,2.0,0.0,1.0,61,17,2,0,8337.6,5800.0,8135.524,20192479.0
221,1.0,1.0,1.0,54,93,0,4,5388.12,3200.0,2624.5232,20192481.0
222,1.0,0.0,1.0,41,39,0,8,9889.5,16900.0,8760.574,20192483.0
223,2.0,0.0,0.0,72,58,1,9,10121.5,5500.0,8158.76,20192484.0
224,2.0,0.0,2.0,94,43,0,7,14314.0,16000.0,11724.648,20192487.0
225,3.0,30678.0,2.0,51,41,0,7,19305.5,16000.0,14947.846,20192489.0
226,2.0,0.0,0.0,72,58,1,9,10121.5,5500.0,8158.76,20192490.0
227,2.0,0.0,2.0,22,30,0,0,15110.0,8000.0,10225.758,20192491.0
228,1.0,0.0,1.0,41,52,0,4,6882.9,8750.0,7122.736,20192493.0
229,2.0,0.0,0.0,72,1,1,9,5225.15,5300.0,4701.2124,20192496.0
230,2.0,165.0,2.5,75,20,0,4,25308.8,29000.0,28266.709,20192498.0
231,2.0,65.0,0.0,50,0,0,9,6686.25,3900.0,5316.025,20192499.0
232,2.0,0.0,2.0,41,37,2,4,20703.0,40000.0,19897.486,20192500.0
233,1.0,46.0,1.0,13,86,0,3,5581.92,6000.0,7808.921,20192501.0
234,1.0,0.0,1.0,53,51,0,7,5735.9,8750.0,4823.924,20192504.0
235,2.0,0.0,2.0,39,88,0,12,12137.98,9000.0,7827.5938,20192505.0
236,1.0,52.0,1.0,59,83,2,0,8651.01,10000.0,6096.7153,20192506.0
237,2.0,0.0,1.0,39,34,0,3,9402.7,16900.0,7996.368,20192509.0
238,2.0,40.0,0.0,72,12,1,9,6888.21,5625.0,5585.0405,20192511.0
239,2.0,10000.0,0.0,72,58,1,9,23289.5,4150.0,-37.437202,20192513.0
240,2.0,0.0,0.0,72,58,1,9,10121.5,5500.0,8158.76,20192514.0
241,0.5,26.0,1.0,55,93,0,3,4081.66,3275.0,2460.6416,20192516.0
242,1.0,60.0,1.0,57,15,0,3,9062.41,9500.0,6243.6714,20192518.0
243,2.0,0.0,0.0,72,58,1,9,10121.5,5500.0,8158.76,20192519.0
244,2.0,85.0,0.0,32,0,0,9,8215.95,8000.0,8815.602,20192520.0
245,2.0,43.0,0.0,100,0,0,9,5292.8,4500.0,5999.06,20192521.0
246,2.0,0.0,0.0,2,0,0,9,5905.65,6950.0,5717.047,20192523.0
247,2.0,0.0,2.0,75,30,0,7,18647.5,22500.0,24865.596,20192524.0
248,2.0,80.0,0.0,72,1,1,9,7746.0,8000.0,6436.2617,20192525.0
249,1.0,60.0,1.0,80,72,2,0,7268.45,6300.0,5839.006,20192529.0
250,2.0,0.0,0.0,72,58,1,9,10121.5,5500.0,8158.76,20192534.0
251,2.0,0.0,0.0,72,58,1,9,10121.5,5500.0,8158.76,20192535.0
252,2.0,95.0,0.0,72,58,1,9,13991.9,10900.0,13737.398,20192536.0
253,1.0,0.0,1.0,71,86,0,2,4745.26,4600.0,4534.759,20192537.0
254,2.0,10000.0,0.0,72,1,1,9,23138.0,4150.0,150.20082,20192539.0
255,1.0,0.0,1.0,7,53,0,10,11199.7,19500.0,9118.232,20192540.0
256,2.0,54.0,0.0,113,0,2,9,8732.6,14000.0,15069.268,20192541.0
257,1.0,69.0,1.0,53,18,0,5,10574.0,14500.0,7708.7817,20192542.0
258,1.0,0.0,1.0,92,83,0,7,7202.65,5000.0,9274.84,20192543.0
259,2.0,0.0,0.0,60,0,0,9,6003.85,6950.0,8465.289,20192544.0
260,2.0,85.0,0.0,50,0,0,9,8076.29,8000.0,6029.552,20192545.0
261,2.0,0.0,0.0,72,1,1,9,5225.15,5300.0,4701.2124,20192546.0
262,2.0,21.0,0.0,72,58,1,9,4414.885,2198.5,2712.2966,20192547.0
263,1.0,70.0,1.0,41,80,0,8,8583.68,7800.0,7732.087,20192548.0
264,1.0,45.0,1.0,13,86,0,3,5556.42,6000.0,7131.4683,20192549.0
265,2.0,136.0,1.5,39,101,0,0,13208.5,9500.0,10546.962,20192551.0
266,1.0,0.0,1.0,102,84,0,0,7122.23,10535.0,8414.138,20192552.0
267,2.0,0.0,2.5,28,40,0,4,24540.0,23000.0,22984.988,20192555.0
268,0.5,0.0,1.0,38,35,0,0,4493.31,3275.0,5447.501,20192556.0
269,2.0,0.0,1.0,39,34,0,4,9558.2,16900.0,8110.062,20192558.0
270,2.0,0.0,0.0,72,111,1,9,7575.995,6925.0,7432.508,20192559.0
271,2.0,70.0,0.0,72,58,1,9,8088.0,7800.0,7584.885,20192560.0
272,2.0,0.0,2.0,74,39,0,0,15637.5,15000.0,14434.657,20192561.0
273,2.0,0.0,0.0,72,1,1,9,5225.15,5300.0,4701.2124,20192562.0
274,2.0,0.0,0.0,72,58,1,9,10121.5,5500.0,8158.76,20192563.0
275,2.0,0.0,1.0,66,6,0,10,9853.8,12000.0,6632.304,20192566.0
276,3.0,0.0,2.0,75,34,2,2,13124.0,8000.0,19673.15,20192567.0
277,2.0,47.0,1.0,41,93,0,4,6209.3,6500.0,7192.732,20192568.0
278,1.0,45.0,1.0,78,41,0,10,8836.7,6300.0,12101.068,20192570.0
279,1.0,0.0,1.0,45,93,0,0,6989.11,12000.0,4722.451,20192572.0
280,2.0,51.0,1.0,63,2,0,7,6039.0,5850.0,5970.2896,20192573.0
281,1.0,0.0,1.0,4,89,0,3,5454.8,5500.0,5390.293,20192575.0
282,2.0,0.0,0.0,72,112,1,9,7678.995,6925.0,8115.262,20192576.0
283,2.0,51.0,0.0,72,58,1,9,6336.93,4473.5,6026.1553,20192577.0
284,2.0,104.0,2.0,99,34,0,2,14256.47,17000.0,11423.144,20192579.0
285,2.0,0.0,1.0,73,83,0,7,5991.3,5000.0,6233.9946,20192581.0
286,2.0,0.0,3.0,41,100,0,3,18682.4,10000.0,17986.783,20192582.0
287,2.0,40.0,0.0,106,0,0,9,5248.4,4500.0,4908.4814,20192583.0
288,1.0,0.0,1.0,59,100,0,0,8559.04,12000.0,8127.5117,20192584.0
289,1.0,27.0,1.0,55,80,0,8,5450.75,6500.0,4655.7437,20192585.0
290,1.0,0.0,1.0,94,20,0,7,8997.3,1950.0,7271.718,20192586.0
291,2.0,0.0,1.0,80,6,2,7,7703.36,6650.0,6616.3496,20192587.0
292,2.0,0.0,0.0,72,58,1,9,10121.5,5500.0,8158.76,20192588.0
293,2.0,0.0,1.0,39,34,0,4,9558.2,16900.0,8110.062,20192591.0
294,2.0,0.0,0.0,72,1,1,9,5225.15,5300.0,4701.2124,20192593.0
295,1.0,60.0,1.0,88,55,0,10,8258.75,12500.0,6628.349,20192595.0
296,2.0,20.0,0.0,72,58,1,9,4436.885,2198.5,3091.1487,20192598.0
297,2.0,80.0,1.0,63,72,2,3,9114.0,8000.0,7103.788,20192600.0
298,2.0,32.0,0.0,72,1,1,9,4919.89,4725.0,3260.4758,20192601.0
299,2.0,0.0,1.0,109,4,0,4,5637.95,4038.0,8113.481,20192602.0
300,1.0,0.0,1.0,41,3,0,3,5164.12,4038.0,3753.4272,20192603.0
301,0.5,0.0,1.0,41,52,0,7,4341.34,3275.0,6409.2397,20192605.0
302,1.0,0.0,1.0,41,52,0,3,7109.9,8750.0,7076.815,20192606.0
303,2.0,120.0,0.0,72,58,1,9,16141.0,5800.0,14988.578,20192607.0
304,2.0,37.0,1.0,11,80,0,11,6179.675,6500.0,3354.8704,20192608.0
305,2.0,41.0,0.0,72,58,1,9,6888.95,5800.0,5218.9634,20192609.0
306,3.0,888.0,1.0,63,83,2,7,18561.85,45000.0,8849.167,20192610.0
307,1.0,0.0,1.0,47,85,0,7,3514.15,3275.0,3791.3354,20192611.0
308,2.0,37.0,1.0,41,80,0,0,5096.215,6500.0,4731.124,20192612.0
309,2.0,96.0,2.0,109,16,0,3,15210.99,17000.0,13437.371,20192613.0
310,2.0,0.0,0.0,72,58,1,9,10121.5,5500.0,8158.76,20192615.0
311,1.0,0.0,1.0,78,41,0,7,13999.6,14000.0,12195.969,20192616.0
312,2.0,120.0,2.0,28,45,0,3,17334.0,17000.0,22722.719,20192617.0
313,2.0,0.0,0.0,72,58,1,9,10121.5,5500.0,8158.76,20192618.0
314,2.0,10000.0,0.0,72,109,1,9,25476.0,4150.0,-7.3976474,20192619.0
315,2.0,0.0,0.0,72,115,1,9,7635.495,6925.0,8234.389,20192620.0
316,1.0,60.0,1.0,76,90,0,0,7561.72,6900.0,12847.667,20192623.0
317,1.0,0.0,1.0,4,89,0,7,5533.8,5500.0,5659.4917,20192624.0
318,1.0,30.0,1.0,77,80,0,8,6490.25,6500.0,13731.866,20192625.0
319,2.0,0.0,0.0,72,1,1,9,5225.15,5300.0,4701.2124,20192626.0
320,2.0,0.0,2.0,22,34,0,4,18767.0,14000.0,17815.219,20192627.0
321,2.0,0.0,0.0,72,12,1,9,8850.1,12000.0,6771.7866,20192628.0
322,2.0,114.0,0.0,72,58,1,9,14970.8,5800.0,11217.034,20192629.0
323,3.0,0.0,3.5,94,36,0,0,41626.5,55000.0,29100.074,20192630.0
324,2.0,0.0,0.0,72,104,1,9,8834.745,6925.0,9810.347,20192631.0
325,2.0,31.0,0.0,72,1,1,9,4774.69,4500.0,3427.1362,20192632.0
326,2.0,69.0,0.0,72,58,1,9,9215.0,7800.0,7800.681,20192633.0
327,3.0,0.0,3.0,39,40,0,0,18782.3,10000.0,13161.706,20192634.0
328,2.0,71.0,1.0,89,70,2,10,7218.5,6800.0,6375.0625,20192636.0
329,1.0,71.0,1.0,38,93,0,4,9474.86,8000.0,6377.99,20192637.0
330,3.0,152.0,3.5,94,20,0,10,51087.0,60000.0,34501.29,20192638.0
331,2.0,56.0,1.0,37,93,0,7,5269.0,3400.0,6161.412,20192639.0
332,1.0,50.0,1.0,7,103,0,0,6521.15,4000.0,7040.6533,20192640.0
333,2.0,0.0,1.0,6,35,0,0,9129.0,11000.0,8729.18,20192641.0
334,2.0,0.0,0.0,72,58,1,9,10121.5,5500.0,8158.76,20192642.0
335,1.0,0.0,1.0,4,37,0,7,10011.9,20000.0,8279.701,20192643.0
336,2.0,0.0,0.0,72,1,1,9,5225.15,5300.0,4701.2124,20192644.0
337,2.0,0.0,1.0,80,10,0,8,7795.95,9000.0,6895.963,20192645.0
338,2.0,86.0,1.0,82,30,0,2,8602.4,7400.0,7112.4653,20192646.0
339,2.0,36.0,0.0,72,1,1,9,5627.1,7000.0,4095.0698,20192647.0
340,3.0,90414.0,2.0,98,41,2,0,12323.76,12500.0,11609.571,20192649.0
341,2.0,0.0,2.0,94,94,0,6,11754.99,10000.0,9438.444,20192650.0
342,1.0,0.0,1.0,4,89,0,3,5454.8,5500.0,5390.293,20192653.0
343,2.0,0.0,0.0,72,1,1,9,5225.15,5300.0,4701.2124,20192654.0
344,1.0,50.0,1.0,73,83,0,4,6051.99,4000.0,6022.396,20192656.0
345,1.0,0.0,1.0,4,89,0,3,5454.8,5500.0,5390.293,20192657.0
346,1.0,0.0,1.0,102,83,0,7,7321.25,5000.0,11803.11,20192658.0
347,2.0,0.0,2.0,28,43,0,0,19357.0,30000.0,18672.516,20192659.0
348,2.0,0.0,1.0,113,99,0,12,13035.0,17000.0,13554.861,20192660.0
349,2.0,105.0,1.5,39,16,0,7,13627.5,12500.0,12192.187,20192663.0
350,2.0,0.0,2.0,94,32,0,11,18206.5,17000.0,16190.466,20192664.0
351,2.0,42.0,0.0,100,0,0,9,5294.75,4500.0,5973.992,20192665.0
352,2.0,60.0,0.0,72,58,1,9,6351.75,4500.0,5775.928,20192666.0
353,1.0,60.0,1.0,7,93,0,7,6324.87,8000.0,5083.672,20192667.0
354,2.0,0.0,0.0,72,58,1,9,10121.5,5500.0,8158.76,20192669.0
355,2.0,0.0,1.0,113,6,2,3,7640.95,6500.0,11176.272,20192670.0
356,2.0,0.0,2.0,81,84,0,7,11609.49,10000.0,8111.8857,20192671.0
357,2.0,0.0,0.0,72,12,1,9,8850.1,12000.0,6771.7866,20192674.0
358,2.0,40.0,0.0,72,1,1,9,5717.3,5625.0,4647.45,20192675.0
359,1.0,80.0,1.0,105,47,0,11,8828.45,6250.0,6924.463,20192676.0
360,2.0,0.0,1.0,62,56,2,8,7904.5,6000.0,7168.3984,20192677.0
361,2.0,20.0,0.0,72,58,1,9,4436.885,2198.5,3091.1487,20192679.0
362,2.0,130.0,1.0,7,93,0,7,14125.8,13000.0,12690.399,20192680.0
363,2.0,0.0,1.0,65,66,0,8,8586.8,5500.0,6375.5034,20192681.0
364,1.0,69.0,1.0,7,93,0,7,6810.65,7800.0,5499.133,20192682.0
365,2.0,0.0,0.0,72,58,1,9,10121.5,5500.0,8158.76,20192683.0
366,1.0,0.0,1.0,7,53,0,4,7114.0,8750.0,7366.579,20192684.0
367,2.0,0.0,0.0,72,58,1,9,10121.5,5500.0,8158.76,20192686.0
368,1.0,0.0,1.0,47,100,0,4,10054.5,2500.0,7026.7876,20192687.0
369,2.0,0.0,0.0,72,12,1,9,8850.1,12000.0,6771.7866,20192689.0
370,2.0,0.0,0.0,72,58,1,9,10121.5,5500.0,8158.76,20192690.0
371,2.0,105.0,2.0,85,101,0,7,13603.97,10000.0,10752.825,20192691.0
372,1.0,0.0,1.0,41,3,0,11,7624.2,4850.0,4773.5674,20192697.0
373,2.0,0.0,2.0,23,40,0,8,19845.47,14000.0,16843.822,20192700.0
374,2.0,87.0,0.0,74,0,2,9,8126.8,8000.0,11964.993,20192703.0
375,1.0,124.0,1.0,94,88,0,10,18332.8,8500.0,33202.79,20192704.0
376,2.0,78.0,0.0,72,58,1,9,11883.5,7800.0,11781.89,20192705.0
377,2.0,0.0,2.5,99,20,0,10,19366.5,15500.0,21242.977,20192706.0
378,2.0,0.0,0.0,72,58,1,9,10121.5,5500.0,8158.76,20192707.0
379,2.0,0.0,1.0,4,89,2,3,6190.15,5000.0,6585.247,20192709.0
380,1.0,37.0,1.0,41,93,0,4,4379.79,6500.0,4163.5425,20192710.0
381,2.0,0.0,2.0,94,20,0,11,17641.5,17000.0,19076.48,20192711.0
382,2.0,0.0,0.0,72,58,1,9,10121.5,5500.0,8158.76,20192712.0
383,1.0,0.0,1.0,53,23,0,10,6715.26,2750.0,7503.3994,20192715.0
384,2.0,0.0,1.0,100,3,0,0,5537.76,4038.0,6552.0327,20192716.0
385,2.0,46.0,0.0,72,1,1,9,5763.9,6000.0,5100.8057,20192717.0
386,2.0,40.0,1.0,70,93,0,7,5430.56,5625.0,4597.332,20192718.0
387,3.0,215.0,2.0,73,101,0,4,18298.0,12500.0,17193.9,20192719.0
388,1.0,69.0,1.0,53,41,0,10,10056.5,14500.0,8599.056,20192721.0
389,2.0,0.0,1.0,41,52,0,0,8933.2,8750.0,7335.894,20192722.0
390,3.0,198.0,2.0,47,97,0,7,15381.0,11500.0,16047.119,20192723.0
391,1.0,55.0,1.0,7,103,0,0,6954.88,6100.0,6556.7197,20192725.0
392,2.0,134.0,2.0,41,90,0,12,17489.0,9000.0,13041.099,20192730.0
393,0.5,39.0,0.5,41,3,0,7,3964.61,2995.0,3940.097,20192731.0
394,1.0,0.0,1.0,45,83,0,3,4929.05,3900.0,5932.809,20192732.0
395,2.0,33.0,1.0,41,93,0,4,4788.305,6500.0,3614.423,20192733.0
396,2.0,0.0,1.0,100,3,0,0,5537.76,4038.0,6552.0327,20192734.0
397,3.0,0.0,2.0,35,27,0,4,19401.0,30000.0,19399.299,20192735.0
398,1.0,0.0,2.0,22,82,0,0,11122.97,20000.0,7028.2026,20192736.0
399,2.0,10986.0,1.0,30,41,0,7,8180.0,5500.0,9600.567,20192737.0
400,1.0,54.0,1.0,39,93,0,4,8842.97,7000.0,6609.828,20192738.0
401,1.0,0.0,1.0,41,52,0,7,6744.9,8750.0,7091.271,20192739.0
402,2.0,0.0,2.0,47,16,0,3,14851.0,15000.0,13392.231,20192741.0
403,2.0,35.0,0.0,72,1,1,9,5793.6,7000.0,4301.5005,20192742.0
404,2.0,0.0,0.0,72,58,1,9,10121.5,5500.0,8158.76,20192744.0
405,1.0,0.0,1.0,41,3,0,5,5082.18,4038.0,3591.4329,20192746.0
406,1.0,45.0,1.0,13,57,0,4,6664.1,6000.0,9522.3955,20192747.0
407,3.0,0.0,3.0,56,100,2,10,21319.84,34000.0,21533.25,20192748.0
408,2.0,0.0,1.0,92,65,0,3,7591.7,12000.0,9354.089,20192750.0
409,2.0,0.0,1.0,4,89,0,3,5956.8,5500.0,6364.3135,20192751.0
410,2.0,70.0,1.0,5,72,2,2,6945.54,8000.0,6681.057,20192752.0
411,2.0,30.0,0.0,72,58,1,9,5238.045,6000.0,3432.5793,20192753.0
412,2.0,0.0,2.0,56,43,0,7,14031.0,11000.0,11009.486,20192754.0
413,2.0,0.0,1.0,4,89,0,3,5956.8,5500.0,6364.3135,20192757.0
414,1.0,0.0,1.0,14,83,0,7,4910.1,7000.0,6254.925,20192758.0
415,2.0,54.0,0.0,72,58,1,9,12213.75,14000.0,12474.771,20192759.0
416,1.0,0.0,1.0,94,100,0,3,8281.4,5500.0,7704.7646,20192763.0
417,1.0,0.0,1.0,41,35,0,0,7567.5,3850.0,5956.015,20192764.0
418,2.0,50.0,0.0,72,58,1,9,7407.485,4200.0,6128.516,20192765.0
419,1.0,0.0,1.0,98,40,0,1,9985.5,8500.0,9033.381,20192766.0
420,2.0,77.0,2.0,90,20,0,4,14916.5,8000.0,13889.877,20192767.0
421,3.0,154.0,2.5,90,20,0,4,21107.0,20000.0,16369.074,20192768.0
422,2.0,0.0,1.0,109,100,0,11,13029.5,17000.0,10019.219,20192769.0
423,2.0,0.0,1.0,69,83,0,7,5836.95,5000.0,6368.6426,20192771.0
424,1.0,0.0,1.0,13,52,0,3,7457.4,8750.0,10205.576,20192772.0
425,0.5,0.0,1.0,53,43,0,7,4975.85,3275.0,3810.1997,20192773.0
426,2.0,0.0,0.0,32,0,0,9,6327.55,6950.0,7261.449,20192774.0
427,4.0,529.0,4.0,27,20,0,10,53780.0,60000.0,57228.96,20192775.0
428,2.0,126.0,1.0,95,50,0,3,14592.0,13500.0,13672.862,20192776.0
429,1.0,0.0,1.0,26,52,0,4,6858.8,8750.0,7142.369,20192777.0
430,2.0,0.0,2.0,94,32,0,3,15816.0,17000.0,12930.525,20192778.0
431,3.0,0.0,2.5,28,30,0,4,22867.5,23000.0,22160.844,20192779.0
432,2.0,0.0,2.0,47,84,0,7,10411.49,39500.0,7816.429,20192780.0
433,2.0,40.0,0.0,72,1,1,9,5717.3,5625.0,4647.45,20192782.0
434,2.0,25.0,0.0,72,1,1,9,4065.7,3650.0,2407.197,20192783.0
435,2.0,0.0,2.0,94,32,0,5,16651.5,17000.0,14018.531,20192784.0
436,2.0,0.0,2.0,94,32,0,5,16651.5,17000.0,14018.531,20192785.0
437,1.0,0.0,1.0,13,86,0,2,3911.34,2160.0,7690.5205,20192787.0
438,0.5,284.0,1.0,45,96,0,4,19904.21,17000.0,20487.43,20192788.0
439,1.0,0.0,1.0,38,35,0,8,9275.0,16900.0,7203.532,20192789.0
440,1.0,30.0,1.0,18,103,0,0,5383.64,7500.0,6058.539,20192792.0
441,2.0,0.0,0.0,72,58,1,9,10121.5,5500.0,8158.76,20192793.0
442,2.0,65.0,0.0,72,58,1,9,6632.0,5750.0,6215.3726,20192795.0
443,2.0,127.0,0.0,5,0,2,9,15185.5,12500.0,12085.806,20192796.0
444,1.0,83.0,1.0,38,93,0,7,10169.24,7800.0,6659.01,20192797.0
445,1.0,30.0,1.0,55,93,0,0,4560.645,6500.0,2608.9944,20192798.0
446,3.0,0.0,2.5,27,26,0,4,23217.4,23000.0,21414.81,20192799.0
447,2.0,0.0,0.0,72,58,1,9,10121.5,5500.0,8158.76,20192800.0
448,2.0,69.0,0.0,72,58,1,9,9215.0,7800.0,7800.681,20192804.0
449,2.0,25.0,0.0,72,12,1,9,5644.55,3650.0,3637.9885,20192807.0
450,2.0,0.0,1.0,100,3,0,0,5537.76,4038.0,6552.0327,20192808.0
451,2.0,0.0,0.0,72,58,1,9,10121.5,5500.0,8158.76,20192809.0
452,2.0,0.0,0.0,72,107,1,9,7915.745,6925.0,10152.079,20192810.0
453,2.0,72.0,0.0,63,0,2,9,7124.5,6800.0,6802.5195,20192811.0
454,2.0,0.0,0.0,104,0,2,9,5233.25,4700.0,5313.7993,20192814.0
455,1.0,40.0,1.0,4,55,0,10,8015.3,6000.0,7181.919,20192817.0
456,2.0,109.0,2.0,41,90,0,11,13559.4,9000.0,7102.06,20192818.0
457,1.0,0.0,1.0,53,51,0,4,5754.12,8750.0,4668.591,20192820.0
458,2.0,92.0,0.0,72,58,1,9,9911.0,7800.0,6674.8965,20192821.0
459,2.0,40.0,0.0,72,1,1,9,5717.3,5625.0,4647.45,20192822.0
460,3.0,0.0,2.0,80,56,0,0,13485.99,10500.0,9635.405,20192823.0
461,2.0,44.0,0.0,72,1,1,9,5652.2,5375.0,4655.7925,20192824.0
462,2.0,55.0,1.0,7,103,0,0,6436.7,6150.0,6691.1567,20192825.0
463,3.0,220870.0,2.0,5,50,2,3,11075.9,12500.0,9104.445,20192826.0
464,3.0,0.0,3.0,90,20,0,4,21025.4,22000.0,20838.889,20192828.0
465,0.5,0.0,1.0,43,53,0,0,4265.83,3275.0,5153.9097,20192829.0
466,1.0,54.0,1.0,39,87,0,4,8497.74,7000.0,6898.4346,20192831.0
467,2.0,0.0,0.0,72,1,1,9,5225.15,5300.0,4701.2124,20192833.0
468,2.0,0.0,0.0,72,1,1,9,5225.15,5300.0,4701.2124,20192835.0
469,2.0,40.0,0.0,72,58,1,9,6846.6,5625.0,5197.5933,20192836.0
470,2.0,0.0,0.0,72,1,1,9,5225.15,5300.0,4701.2124,20192837.0
471,2.0,109.0,2.0,110,101,0,7,14947.87,10000.0,10931.438,20192839.0
472,1.0,42.0,1.0,7,103,0,0,6216.15,6000.0,6979.2075,20192840.0
473,1.0,40.0,1.0,55,80,0,8,6367.75,9000.0,3968.9827,20192841.0
474,2.0,26.0,0.0,72,58,1,9,5565.56,6000.0,2989.739,20192842.0
475,4.0,140.0,3.0,31,95,0,11,29995.0,10000.0,33983.258,20192843.0
476,1.0,49.0,1.0,7,93,0,7,5744.8,4000.0,5359.838,20192845.0
477,3.0,0.0,2.0,18,95,0,2,11264.91,13500.0,8611.618,20192846.0
478,1.0,51.0,1.0,7,103,0,0,6504.695,6100.0,5591.5435,20192848.0
479,2.0,0.0,0.0,72,58,1,9,10121.5,5500.0,8158.76,20192850.0
480,1.0,60.0,1.0,95,93,0,4,6706.25,6300.0,5843.962,20192851.0
481,2.0,300.0,0.0,72,58,1,9,27583.0,49000.0,19559.986,20192852.0
482,2.0,115.0,0.0,72,58,1,9,18661.9,5800.0,14940.694,20192854.0
483,1.0,0.0,1.0,37,8,0,3,7531.02,6500.0,11429.831,20192855.0
484,3.0,0.0,1.0,1,38,2,7,7968.8,6120.0,7800.002,20192856.0
485,2.0,52.0,0.0,72,58,1,9,8300.955,6625.0,6509.047,20192857.0
486,2.0,71.0,0.0,72,58,1,9,8296.5,7800.0,7819.801,20192858.0
487,2.0,0.0,1.0,41,52,0,7,10014.4,8750.0,7879.0815,20192859.0
488,3.0,222.0,3.0,90,20,0,0,22153.9,20000.0,14955.851,20192861.0
489,1.0,40.0,1.0,7,93,0,4,5372.4,6000.0,4956.164,20192862.0
490,2.0,45.0,0.0,72,58,1,9,6675.0,5500.0,5419.911,20192864.0
491,2.0,0.0,1.0,100,3,0,8,5335.74,4995.0,8195.81,20192868.0
492,1.0,33.0,1.0,53,103,0,0,4852.065,7500.0,4940.3755,20192869.0
493,2.0,63.0,0.0,72,58,1,9,7265.25,6800.0,6069.9507,20192873.0
494,2.0,45.0,0.0,72,58,1,9,6675.0,5500.0,5419.911,20192874.0
495,1.0,42.0,1.0,39,83,0,7,5536.35,6000.0,4872.365,20192875.0
496,2.0,88.0,1.0,58,40,0,10,10586.0,7400.0,7579.311,20192877.0
497,2.0,35.0,0.0,72,1,1,9,5793.6,7000.0,4301.5005,20192878.0
498,2.0,110.0,0.0,72,58,1,9,15378.7,1790.0,19709.469,20192879.0
499,2.0,45.0,1.0,55,103,0,0,6325.55,5500.0,6200.901,20192880.0
500,2.0,0.0,0.0,72,58,1,9,10121.5,5500.0,8158.76,20192881.0
501,2.0,70.0,2.0,55,80,0,8,12457.99,9000.0,9003.752,20192882.0
502,2.0,0.0,2.0,75,36,0,7,18492.5,22500.0,26991.773,20192885.0
503,2.0,0.0,2.0,19,42,0,7,16511.99,14000.0,13550.899,20192886.0
504,2.0,45.0,0.0,72,1,1,9,5621.2,5500.0,4655.7925,20192887.0
505,1.0,32.0,1.0,15,93,0,7,5416.8,6500.0,4461.518,20192889.0
506,1.0,0.0,1.0,55,35,0,0,6305.76,3850.0,4424.4854,20192891.0
507,1.0,60.0,1.0,7,93,0,4,6398.5,8000.0,5059.263,20192893.0
508,2.0,159.0,0.0,72,58,1,9,23164.0,5800.0,30266.043,20192895.0
509,2.0,25.0,0.0,72,1,1,9,4065.7,3650.0,2407.197,20192899.0
510,2.0,27.0,0.0,72,1,1,9,4293.4,3650.0,3357.7878,20192900.0
511,2.0,103.0,2.0,27,69,2,4,16322.0,16000.0,19653.654,20192901.0
512,1.0,0.0,1.0,57,33,0,10,10142.44,9750.0,8700.812,20192902.0
513,1.0,0.0,1.0,111,89,2,3,7073.18,9700.0,5578.182,20192903.0
514,2.0,105.0,1.0,7,93,0,7,8752.32,8500.0,7024.641,20192904.0
515,1.0,0.0,1.0,94,100,0,3,8281.4,5500.0,7704.7646,20192905.0
516,2.0,0.0,1.0,59,100,2,7,11272.0,3700.0,9925.172,20192906.0
517,1.0,40.0,1.0,68,103,0,0,5680.2,9000.0,5599.7393,20192907.0
518,1.0,0.0,1.0,79,83,0,0,7641.45,7500.0,6548.561,20192908.0
519,1.0,0.0,1.0,55,22,0,12,7298.96,5000.0,4502.5815,20192912.0
520,2.0,40.0,0.0,72,58,1,9,6846.6,5625.0,5197.5933,20192913.0
521,2.0,0.0,2.0,94,94,0,7,12364.79,10000.0,9431.886,20192914.0
522,2.0,35.0,0.0,72,58,1,9,5749.265,6000.0,3680.9243,20192915.0
523,3.0,211.0,2.0,94,43,2,7,16535.76,17500.0,16010.059,20192916.0
524,3.0,0.0,1.0,4,89,2,3,7347.9,8000.0,5919.9937,20192917.0
525,3.0,0.0,2.0,75,40,0,0,15235.0,15000.0,18481.943,20192918.0
526,1.0,0.0,1.0,55,35,0,0,6305.76,3850.0,4424.4854,20192919.0
527,2.0,0.0,1.0,61,39,0,8,10681.0,5500.0,8018.039,20192920.0
528,2.0,108.0,0.0,72,58,1,9,11486.3,1790.0,12624.092,20192922.0
529,2.0,140.0,0.0,72,58,1,9,15387.0,5800.0,12768.343,20192923.0
530,1.0,30.0,1.0,41,103,0,0,5005.45,7500.0,4990.4116,20192924.0
531,2.0,500.0,0.0,72,1,1,9,8076.75,2500.0,1570.7444,20192925.0
532,2.0,0.0,2.0,94,36,0,10,18543.5,17000.0,16861.701,20192926.0
533,1.0,133.0,1.0,41,11,0,12,17773.5,12000.0,13506.317,20192927.0
534,1.0,0.0,1.0,4,89,0,3,5454.8,5500.0,5390.293,20192928.0
535,2.0,0.0,2.0,57,26,0,4,16388.5,22500.0,16234.805,20192929.0
536,0.5,0.0,1.0,38,35,0,7,4779.82,3275.0,6520.5884,20192931.0
537,2.0,90.0,2.0,45,41,2,7,16267.0,16000.0,15642.022,20192932.0
538,2.0,69.0,0.0,72,58,1,9,9215.0,7800.0,7800.681,20192933.0
539,0.5,0.0,1.0,7,35,0,3,5445.12,3200.0,5671.575,20192934.0
540,2.0,84.0,2.0,94,75,0,4,14095.0,10000.0,12086.384,20192935.0
541,2.0,24.0,0.0,72,58,1,9,5385.65,6000.0,2871.1594,20192936.0
542,2.0,103.0,2.0,27,36,0,3,19364.0,17000.0,21565.727,20192937.0
543,0.5,0.0,1.0,38,52,0,7,4277.34,3275.0,6235.848,20192938.0
544,1.0,0.0,1.0,4,89,0,3,5454.8,5500.0,5390.293,20192939.0
545,2.0,41.0,0.0,72,1,1,9,5700.5,5800.0,4630.4106,20192940.0
546,2.0,0.0,1.0,94,100,0,7,10407.45,3700.0,9005.003,20192941.0
547,2.0,70.0,2.0,55,80,0,8,12457.99,9000.0,9003.752,20192942.0
548,2.0,162.0,2.0,47,46,0,3,17743.99,11500.0,13515.47,20192943.0
549,2.0,120.0,2.5,28,16,0,3,22877.8,23000.0,22494.348,20192944.0
550,2.0,30.0,0.0,72,58,1,9,5238.045,6000.0,3432.5793,20192945.0
551,3.0,0.0,2.0,27,43,0,7,20348.0,25000.0,22059.379,20192947.0
552,2.0,82.0,2.0,86,69,0,10,13950.5,10000.0,12290.359,20192948.0
553,1.0,30.0,1.0,18,103,0,0,5383.64,7500.0,6058.539,20192949.0
554,2.0,1.0,0.0,72,58,1,9,7459.09,2950.0,4896.206,20192951.0
555,0.5,0.0,1.0,40,52,0,0,4380.83,3275.0,5771.2104,20192952.0
556,2.0,0.0,0.0,42,0,0,9,6020.65,6950.0,6580.464,20192953.0
557,3.0,80.0,2.0,74,72,2,2,11637.5,8000.0,12203.436,20192954.0
558,2.0,108.0,0.0,72,58,1,9,11486.3,1790.0,12624.092,20192956.0
559,1.0,0.0,1.0,4,89,0,3,5454.8,5500.0,5390.293,20192957.0
560,2.0,85.0,2.0,39,25,0,8,16991.5,12500.0,13154.747,20192958.0
561,2.0,30.0,0.0,72,58,1,9,5238.045,6000.0,3432.5793,20192959.0
562,1.0,50.0,1.0,53,83,0,7,5975.5,4000.0,5051.1455,20192960.0
563,1.0,38.0,1.0,97,93,0,0,5308.54,5500.0,4844.926,20192961.0
564,2.0,82.0,0.0,96,0,0,9,7321.9,8000.0,7090.8794,20192963.0
565,2.0,0.0,2.0,22,34,0,2,16168.5,8000.0,14199.316,20192968.0
566,2.0,0.0,2.0,4,66,0,3,13465.49,7500.0,11471.171,20192969.0
567,2.0,28.0,0.0,72,58,1,9,6147.46,6000.0,3896.8523,20192974.0
568,2.0,88.0,2.0,41,90,0,11,13351.4,9000.0,8029.5874,20192975.0
569,2.0,0.0,1.0,101,3,0,8,5358.04,4995.0,8107.48,20192977.0
570,2.0,0.0,1.0,109,43,0,0,8353.5,11000.0,6726.6553,20192979.0
571,2.0,35.0,0.0,72,58,1,9,5749.265,6000.0,3680.9243,20192980.0
572,1.0,0.0,1.0,103,83,0,4,6919.62,5000.0,9399.71,20192981.0
573,2.0,0.0,1.0,100,3,0,8,5335.74,4995.0,8195.81,20192983.0
574,2.0,0.0,0.0,72,109,1,9,7735.745,6925.0,7432.508,20192984.0
575,2.0,43.0,0.0,100,0,0,9,5292.8,4500.0,5999.06,20192985.0
576,2.0,0.0,0.0,72,58,1,9,10121.5,5500.0,8158.76,20192986.0
577,2.0,0.0,0.0,72,58,1,9,10121.5,5500.0,8158.76,20192987.0
578,1.0,30.0,1.0,18,103,0,0,5383.64,7500.0,6058.539,20192988.0
579,1.0,60.0,1.0,4,55,0,10,8551.58,12500.0,7799.644,20192991.0
580,2.0,30.0,0.0,72,1,1,9,4662.7,4500.0,3155.7756,20192992.0
581,2.0,45.0,0.0,100,0,2,9,5452.65,4500.0,5929.4233,20192993.0
582,2.0,0.0,0.0,72,58,1,9,10121.5,5500.0,8158.76,20192994.0
583,2.0,0.0,1.0,87,52,0,3,7941.0,8750.0,7704.0635,20192996.0
584,2.0,0.0,1.0,52,7,2,8,7725.56,9000.0,6347.8813,20192998.0
585,1.0,0.0,1.0,41,52,0,0,7229.2,8750.0,6577.5386,20193000.0
586,2.0,0.0,0.0,72,58,1,9,10121.5,5500.0,8158.76,20193001.0
587,2.0,80.0,0.0,72,1,1,9,7746.0,8000.0,6436.2617,20193002.0
588,2.0,0.0,2.0,28,36,0,4,24052.5,30000.0,25715.555,20193003.0
589,2.0,0.0,1.0,94,75,0,4,6718.3,4800.0,7156.529,20193004.0
590,1.0,30.0,1.0,38,103,0,0,4986.51,7500.0,4809.3457,20193005.0
591,2.0,0.0,0.0,72,58,1,9,10121.5,5500.0,8158.76,20193007.0
592,2.0,115.0,2.0,76,41,0,12,22653.0,9900.0,35049.832,20193009.0
593,2.0,0.0,2.0,39,20,0,4,18417.5,15000.0,17779.506,20193010.0
594,0.5,0.0,1.0,38,52,0,7,4277.34,3275.0,6235.848,20193011.0
595,2.0,0.0,0.0,72,58,1,9,10121.5,5500.0,8158.76,20193012.0
596,2.0,0.0,2.0,9,20,0,11,16876.96,7500.0,18438.357,20193013.0
597,2.0,30.0,0.0,72,58,1,9,5238.045,6000.0,3432.5793,20193017.0
598,2.0,35.0,0.0,72,1,1,9,5793.6,7000.0,4301.5005,20193019.0
599,1.0,0.0,1.0,94,100,0,3,8281.4,5500.0,7704.7646,20193022.0
600,2.0,72.0,0.0,93,0,2,9,6701.5,6800.0,5270.595,20193023.0
601,2.0,0.0,1.0,76,83,0,7,8344.8,5000.0,18532.531,20193024.0
602,2.0,100.0,0.0,72,58,1,9,11996.64,10900.0,13948.409,20193026.0
603,2.0,0.0,0.0,72,106,1,9,8144.745,6925.0,10152.079,20193029.0
604,2.0,90.0,2.5,94,20,2,11,18150.5,13000.0,10661.455,20193031.0
605,1.0,0.0,1.0,41,11,0,0,6931.52,5800.0,4024.9797,20193034.0
606,3.0,0.0,2.0,27,34,0,2,20732.0,30000.0,23351.355,20193038.0
607,1.0,0.0,1.0,13,52,0,4,7135.5,8750.0,10251.494,20193039.0
608,3.0,0.0,2.0,59,20,2,2,13405.9,8000.0,11550.77,20193040.0
609,2.0,60.0,0.0,72,1,1,9,7051.5,7800.0,6016.7466,20193043.0
610,1.0,0.0,1.0,53,51,0,4,5754.12,8750.0,4668.591,20193044.0
611,2.0,0.0,0.0,72,1,1,9,5225.15,5300.0,4701.2124,20193045.0
612,1.0,0.0,1.0,109,20,0,4,9882.4,1950.0,10366.814,20193046.0
613,2.0,32.0,0.0,72,58,1,9,6076.075,6000.0,3587.22,20193047.0
614,3.0,158.0,2.0,47,75,0,4,14653.0,11500.0,10891.914,20193049.0
615,2.0,80.0,1.0,7,93,0,7,7378.47,7800.0,5456.319,20193051.0
616,2.0,0.0,0.0,72,1,1,9,5225.15,5300.0,4701.2124,20193053.0
617,2.0,0.0,0.0,72,1,1,9,5225.15,5300.0,4701.2124,20193054.0
618,2.0,0.0,0.0,72,58,1,9,10121.5,5500.0,8158.76,20193056.0
619,2.0,53.0,0.0,72,58,1,9,12680.75,17000.0,13161.013,20193060.0
620,2.0,0.0,0.0,96,0,0,9,5304.9,5300.0,6176.6636,20193061.0
621,2.0,0.0,0.0,72,58,1,9,10121.5,5500.0,8158.76,20193062.0
622,2.0,0.0,2.0,94,20,0,10,17854.5,17000.0,18669.586,20193063.0
623,2.0,0.0,0.0,72,58,1,9,10121.5,5500.0,8158.76,20193064.0
624,2.0,117.0,0.0,64,0,2,9,22648.5,38000.0,13792.988,20193065.0
625,2.0,0.0,0.0,72,58,1,9,10121.5,5500.0,8158.76,20193066.0
626,2.0,0.0,0.0,72,12,1,9,8850.1,12000.0,6771.7866,20193068.0
627,1.0,85.0,1.0,4,90,0,11,8330.74,14000.0,5566.697,20193070.0
628,2.0,0.0,1.0,4,83,0,3,6208.4,7000.0,6634.259,20193072.0
629,1.0,0.0,1.0,26,52,0,0,7426.5,8750.0,6875.134,20193073.0
630,2.0,0.0,0.0,72,58,1,9,10121.5,5500.0,8158.76,20193077.0
631,2.0,0.0,1.0,13,57,0,1,7547.75,3900.0,12253.037,20193078.0
632,2.0,0.0,2.0,94,30,0,8,16989.26,17000.0,14609.354,20193083.0
633,2.0,129.0,0.0,72,58,1,9,17505.5,5800.0,17979.623,20193084.0
634,2.0,0.0,0.0,72,108,1,9,7915.745,6925.0,9144.847,20193085.0
635,1.0,0.0,1.0,41,52,0,7,6744.9,8750.0,7091.271,20193087.0
636,2.0,0.0,0.0,42,0,0,9,6020.65,6950.0,6580.464,20193090.0
637,2.0,0.0,0.0,72,1,1,9,5225.15,5300.0,4701.2124,20193091.0
638,1.0,1.0,1.0,114,93,0,3,5696.45,3200.0,1971.4689,20193093.0
639,2.0,0.0,2.0,73,100,2,4,9882.8,8000.0,9461.472,20193095.0
640,2.0,115.0,2.0,94,36,0,0,15019.5,17000.0,14643.347,20193096.0
641,0.5,0.0,1.0,7,52,0,7,5152.42,3200.0,6624.556,20193098.0
642,2.0,0.0,0.0,72,58,1,9,10121.5,5500.0,8158.76,20193100.0
643,2.0,500.0,0.0,72,58,1,9,7588.05,2500.0,1645.9701,20193101.0
644,2.0,0.0,0.0,72,1,1,9,5225.15,5300.0,4701.2124,20193102.0
645,2.0,60.0,0.0,72,58,1,9,6351.75,4500.0,5775.928,20193103.0
646,2.0,30.0,0.0,72,58,1,9,5238.045,6000.0,3432.5793,20193105.0
647,3.0,600.0,2.0,56,43,2,7,14325.8,8000.0,11339.138,20193107.0
648,1.0,32.0,1.0,4,55,0,10,7789.35,6000.0,6891.5596,20193108.0
649,1.0,35.0,1.0,68,103,0,0,5087.65,7500.0,5000.9976,20193110.0
650,2.0,0.0,0.0,72,58,1,9,10121.5,5500.0,8158.76,20193112.0
651,1.0,0.0,1.0,41,22,0,12,8998.9,5000.0,4758.501,20193113.0
652,1.0,57.0,1.0,94,40,0,12,9534.3,12500.0,7389.605,20193114.0
653,1.0,30.0,1.0,14,55,0,10,7359.335,6000.0,6637.006,20193115.0
654,2.0,0.0,0.0,72,1,1,9,5225.15,5300.0,4701.2124,20193116.0
655,2.0,0.0,2.0,94,20,0,11,17641.5,17000.0,19076.48,20193117.0
656,1.0,0.0,1.0,4,89,0,2,5463.3,5500.0,5628.482,20193118.0
657,2.0,0.0,0.0,72,114,1,9,7704.495,6925.0,8218.469,
658,1.0,0.0,1.0,39,8,0,9,9865.7,17500.0,6249.6826,20192220.0
659,2.0,170.0,2.0,75,77,2,9,14277.76,8200.0,27754.555,20192223.0
660,2.0,102.0,2.0,109,13,0,9,15511.4,17000.0,13331.232,20192227.0
661,2.0,106.0,2.0,47,48,0,9,13797.0,14500.0,7231.3193,20192228.0
662,0.5,38.0,0.5,13,57,0,9,5069.915,5000.0,8401.452,20192240.0
663,2.0,153.0,2.0,57,20,0,9,20326.49,30000.0,17507.02,20192242.0
664,2.0,0.0,2.0,67,2,0,9,18719.0,17000.0,13849.795,20192244.0
665,1.0,0.0,1.0,39,20,0,9,9219.4,6500.0,6488.545,20192256.0
666,3.0,117.0,3.0,98,48,2,9,18298.26,13000.0,14591.84,20192259.0
667,1.0,99.0,1.0,57,64,0,9,11870.8,10900.0,9823.2,20192268.0
668,2.0,0.0,2.0,5,47,0,9,14760.47,7500.0,16414.209,20192272.0
669,0.5,46.0,0.5,13,57,0,9,5466.67,5000.0,9979.766,20192280.0
670,2.0,0.0,2.0,95,47,0,9,14888.26,16000.0,15858.833,20192284.0
671,1.0,0.0,1.0,13,57,0,9,10317.2,3900.0,12074.284,20192294.0
672,3.0,82.0,3.0,35,63,2,9,22583.3,55000.0,16611.996,20192295.0
673,2.0,51.0,2.0,1,2,0,9,15461.49,9000.0,15699.845,20192307.0
674,3.0,155.0,3.0,83,62,0,9,17986.4,7500.0,14833.004,20192311.0
675,2.0,105.0,2.0,39,16,0,9,14292.5,12500.0,12730.999,20192313.0
676,3.0,0.0,3.0,74,49,0,9,22814.0,27000.0,23254.36,20192314.0
677,1.0,0.0,1.0,21,78,0,9,5806.4,7000.0,5785.228,20192321.0
678,2.0,126.0,2.0,71,9,0,9,19065.9,9900.0,13904.237,20192329.0
679,1.0,55.0,1.0,74,47,0,9,9998.5,12500.0,11355.798,20192338.0
680,3.0,155.0,3.0,107,8,0,9,22760.2,14000.0,15271.317,20192347.0
681,1.0,68.0,1.0,4,28,0,9,8388.08,14500.0,8708.921,20192349.0
682,2.0,0.0,2.0,23,31,0,9,20800.48,14000.0,21130.336,20192359.0
683,1.0,55.0,1.0,74,47,0,9,9998.5,12500.0,11355.798,20192361.0
684,1.0,55.0,1.0,74,47,0,9,9998.5,12500.0,11355.798,20192363.0
685,2.0,80.0,2.0,74,47,0,9,15565.5,14500.0,13735.834,20192365.0
686,2.0,0.0,2.0,3,2,0,9,17032.48,7500.0,15160.279,20192366.0
687,1.0,50.0,1.0,74,47,0,9,9426.7,4000.0,11689.491,20192367.0
688,2.0,90.0,2.0,39,48,0,9,15528.5,14500.0,12822.384,20192372.0
689,1.0,50.0,1.0,74,47,0,9,9426.7,4000.0,11689.491,20192373.0
690,1.0,50.0,1.0,74,47,0,9,9426.7,4000.0,11689.491,20192380.0
691,1.0,122.0,1.0,28,62,0,9,14667.0,12000.0,21104.295,20192385.0
692,0.5,50.0,0.5,16,75,0,9,5344.3,5000.0,5561.8105,20192388.0
693,2.0,50.0,2.0,22,82,0,9,13750.44,9000.0,7479.72,20192393.0
694,2.0,0.0,2.0,61,2,0,9,19599.0,17000.0,14367.702,20192399.0
695,2.0,0.0,2.0,3,2,0,9,17032.48,7500.0,15160.279,20192400.0
696,3.0,128.0,3.0,56,62,0,9,15936.79,12000.0,10996.414,20192402.0
697,3.0,160.0,3.0,51,48,0,9,21803.7,12000.0,22036.863,20192403.0
698,1.0,53.0,1.0,59,13,0,9,10972.0,9950.0,6854.6675,20192407.0
699,2.0,0.0,2.0,67,2,0,9,18719.0,17000.0,13849.795,20192408.0
700,2.0,0.0,2.0,29,94,0,9,14300.44,9000.0,8391.233,20192417.0
701,2.0,102.0,2.0,47,13,0,9,13974.4,12500.0,10414.417,20192420.0
702,3.0,212.0,3.0,39,62,0,9,21519.4,10000.0,25702.59,20192428.0
703,2.0,0.0,2.0,67,2,0,9,18719.0,17000.0,13849.795,20192441.0
704,2.0,0.0,2.0,113,47,0,9,20376.0,26000.0,24223.488,20192446.0
705,2.0,0.0,2.0,80,54,0,9,15115.49,32000.0,13309.552,20192448.0
706,2.0,164.0,2.0,47,75,0,9,17692.49,30000.0,15648.105,20192449.0
707,2.0,0.0,2.0,57,20,0,9,16768.0,22500.0,17178.494,20192451.0
708,2.0,0.0,2.0,3,2,0,9,17032.48,7500.0,15160.279,20192459.0
709,2.0,117.0,2.0,28,62,0,9,17854.0,9000.0,25712.33,20192474.0
710,2.0,1.0,2.0,83,55,0,9,12775.49,10800.0,13031.049,20192475.0
711,3.0,246.0,3.0,56,62,0,9,20279.0,12000.0,22047.773,20192478.0
712,2.0,148.0,2.0,39,101,0,9,17064.96,19500.0,14348.829,20192485.0
713,3.0,0.0,3.0,83,23,0,9,19499.4,7500.0,20252.115,20192488.0
714,2.0,96.0,2.0,23,13,0,9,16333.98,14000.0,17662.04,20192503.0
715,1.0,0.0,1.0,4,55,0,9,10815.0,3900.0,10171.216,20192508.0
716,2.0,85.0,2.0,74,47,0,9,15524.5,14500.0,13511.738,20192510.0
717,1.0,0.0,1.0,25,21,0,9,10607.0,6200.0,5857.6973,20192512.0
718,1.0,0.0,1.0,44,47,0,9,10582.09,5000.0,8509.83,20192517.0
719,1.0,0.0,1.0,43,53,0,9,12278.49,19500.0,8808.1455,20192522.0
720,1.0,0.0,1.0,81,84,0,9,6567.8,10535.0,6378.7837,20192526.0
721,2.0,146.0,2.0,94,62,0,9,14833.25,30000.0,14574.175,20192528.0
722,2.0,180.0,2.0,39,62,0,9,19799.0,30000.0,17047.238,20192530.0
723,2.0,62.0,2.0,27,62,0,9,18282.5,9000.0,25219.148,20192532.0
724,2.0,0.0,2.0,1,47,0,9,14843.97,9000.0,14088.859,20192533.0
725,2.0,0.0,2.0,73,102,0,9,12659.5,17000.0,10523.046,20192538.0
726,3.0,203.0,3.0,59,62,0,9,21508.69,12000.0,23644.752,20192550.0
727,2.0,0.0,2.0,91,47,0,9,13803.0,8000.0,16294.688,20192564.0
728,2.0,85.0,2.0,74,47,0,9,15524.5,14500.0,13511.738,20192565.0
729,2.0,0.0,2.0,46,2,0,9,18145.0,12500.0,16469.244,20192578.0
730,3.0,190.0,3.0,47,13,0,9,23028.6,12000.0,20540.145,20192580.0
731,2.0,0.0,2.0,11,47,0,9,16777.9,14000.0,14358.048,20192589.0
732,2.0,93.0,2.0,45,98,0,9,12566.0,9000.0,8976.823,20192594.0
733,1.0,92.0,1.0,47,75,0,9,10329.52,14000.0,5273.0166,20192597.0
734,2.0,165.0,2.0,47,31,0,9,19647.0,30000.0,17170.73,20192599.0
735,2.0,0.0,2.0,46,2,0,9,18145.0,12500.0,16469.244,20192604.0
736,2.0,152.0,2.0,58,13,0,9,20743.39,30000.0,15981.277,20192621.0
737,2.0,6.0,2.0,27,62,0,9,21326.47,9000.0,26853.994,20192622.0
738,2.0,59.0,2.0,112,59,2,9,15134.5,13000.0,15010.268,20192651.0
739,2.0,0.0,2.0,56,24,0,9,16752.0,11000.0,16753.873,20192655.0
740,1.0,0.0,1.0,41,44,2,9,12088.5,10000.0,8721.58,20192661.0
741,1.0,0.0,1.0,41,3,0,9,5404.87,4898.0,4335.61,20192668.0
742,2.0,136.0,2.0,57,61,0,9,15135.96,10000.0,12491.698,20192673.0
743,3.0,0.0,3.0,11,47,0,9,19333.42,28000.0,21327.209,20192685.0
744,1.0,80.0,1.0,105,47,0,9,8688.95,6250.0,7431.451,20192693.0
745,2.0,80.0,2.0,105,47,0,9,14575.5,16000.0,11525.037,20192694.0
746,0.5,0.0,0.5,41,3,0,9,3910.98,3500.0,3715.6477,20192695.0
747,2.0,0.0,2.0,56,24,0,9,16752.0,11000.0,16753.873,20192696.0
748,2.0,0.0,2.0,3,2,0,9,17032.48,7500.0,15160.279,20192698.0
749,2.0,90.0,2.0,58,13,0,9,15428.84,17000.0,11633.014,20192701.0
750,1.0,0.0,1.0,40,44,2,9,13031.9,10000.0,8721.58,20192702.0
751,3.0,0.0,3.0,47,23,0,9,20781.7,12000.0,19290.307,20192708.0
752,2.0,0.0,2.0,11,47,0,9,16777.9,14000.0,14358.048,20192714.0
753,2.0,0.0,2.0,41,2,0,9,18918.0,12500.0,16753.598,20192727.0
754,3.0,91.0,3.0,33,75,0,9,15985.5,10000.0,10421.241,20192729.0
755,1.0,0.0,1.0,23,84,0,9,4661.2,5400.0,7314.029,20192740.0
756,2.0,115.0,2.0,57,61,0,9,16284.98,10000.0,14889.858,20192749.0
757,2.0,0.0,2.0,13,3,0,9,18893.46,14000.0,19165.475,20192755.0
758,4.0,0.0,4.0,79,4,2,9,46520.0,40000.0,37876.477,20192756.0
759,3.0,788.0,3.0,34,60,0,9,20022.1,45000.0,25027.354,20192781.0
760,2.0,118.0,2.0,57,61,0,9,15074.98,10000.0,14788.485,20192790.0
761,1.0,0.0,1.0,41,3,0,9,5404.87,4898.0,4335.61,20192791.0
762,2.0,122.0,2.0,57,61,0,9,15583.47,10000.0,15826.955,20192794.0
763,2.0,76.0,2.0,47,62,0,9,15184.0,9000.0,10257.188,20192806.0
764,2.0,0.0,2.0,11,47,0,9,16777.9,14000.0,14358.048,20192812.0
765,2.0,0.0,2.0,11,47,0,9,16777.9,14000.0,14358.048,20192813.0
766,2.0,143.0,2.0,39,62,0,9,16571.99,30000.0,17325.816,20192815.0
767,2.0,0.0,2.0,39,8,0,9,18873.9,12500.0,17117.775,20192816.0
768,2.0,171.0,2.0,39,62,0,9,20379.0,30000.0,17061.936,20192819.0
769,3.0,178.0,3.0,39,5,0,9,28524.6,10000.0,33439.973,20192844.0
770,2.0,0.0,2.0,29,84,0,9,14451.94,9000.0,7803.533,20192849.0
771,1.0,0.0,1.0,95,47,0,9,11201.4,4400.0,9352.667,20192853.0
772,1.0,0.0,1.0,105,47,0,9,11093.95,4400.0,9721.833,20192860.0
773,2.0,0.0,2.0,90,84,2,9,8670.58,8200.0,9033.039,20192865.0
774,1.0,109.0,1.0,57,61,0,9,9949.7,1790.0,7931.0464,20192867.0
775,2.0,112.0,2.0,94,13,0,9,15830.66,17000.0,13843.666,20192871.0
776,0.5,46.0,0.5,13,57,0,9,5466.67,5000.0,9979.766,20192872.0
777,2.0,0.0,2.0,113,47,0,9,20376.0,26000.0,24223.488,20192876.0
778,1.0,105.0,1.0,57,97,0,9,11960.0,17000.0,9526.994,20192883.0
779,2.0,118.0,2.0,57,61,0,9,15074.98,10000.0,14788.485,20192888.0
780,1.0,65.0,1.0,95,47,0,9,7345.9,12500.0,6202.8535,20192894.0
781,1.0,0.0,1.0,41,3,0,9,5404.87,4898.0,4335.61,20192896.0
782,1.0,80.0,1.0,95,47,0,9,8034.95,6250.0,7184.17,20192897.0
783,2.0,1.0,2.0,47,55,0,9,15219.49,9000.0,13010.702,20192909.0
784,2.0,0.0,2.0,31,44,2,9,23657.5,16000.0,23257.414,20192911.0
785,2.0,0.0,2.0,4,55,0,9,14110.95,7500.0,16613.416,20192955.0
786,2.0,50.0,2.0,95,47,0,9,14270.26,16000.0,13264.639,20192962.0
787,3.0,0.0,3.0,75,30,0,9,23122.4,27000.0,26694.682,20192964.0
788,3.0,281.0,3.0,28,4,2,9,28077.5,55000.0,44513.78,20192966.0
789,2.0,0.0,2.0,66,19,2,9,19044.3,40000.0,14705.575,20192970.0
790,1.0,0.0,1.0,52,47,0,9,12667.4,4400.0,8344.601,20192972.0
791,1.0,0.0,1.0,52,47,0,9,12667.4,4400.0,8344.601,20192973.0
792,2.0,50.0,2.0,95,47,0,9,14270.26,16000.0,13264.639,20192976.0
793,2.0,0.0,2.0,35,47,0,9,18561.49,25000.0,18950.398,20192989.0
794,2.0,100.0,2.0,36,47,0,9,15327.5,20000.0,15584.429,20192990.0
795,0.5,30.0,0.5,13,75,0,9,4939.965,5000.0,6828.3916,20192997.0
796,1.0,52.0,1.0,13,83,0,9,7601.78,6100.0,7623.4634,20193006.0
797,1.0,95.0,1.0,105,47,0,9,15510.95,10900.0,8616.6045,20193008.0
798,2.0,118.0,2.0,57,64,0,9,15034.98,10000.0,15601.604,20193015.0
799,2.0,111.0,2.0,57,61,0,9,15866.88,10000.0,16033.072,20193016.0
800,2.0,116.0,2.0,23,59,0,9,16852.48,9000.0,17186.684,20193018.0
801,2.0,0.0,2.0,94,20,0,9,16404.26,17000.0,19302.01,20193021.0
802,2.0,97.0,2.0,16,30,0,9,14649.96,14000.0,11158.329,20193025.0
803,2.0,100.0,2.0,57,29,2,9,17806.8,40000.0,10617.752,20193032.0
804,1.0,0.0,1.0,78,8,0,9,9448.97,12000.0,11592.685,20193033.0
805,2.0,0.0,2.0,56,24,0,9,16752.0,11000.0,16753.873,20193035.0
806,1.5,45.0,1.5,40,30,0,9,14348.4,12500.0,12596.694,20193036.0
807,2.0,115.0,2.0,57,61,0,9,16284.98,10000.0,14889.858,20193037.0
808,2.0,0.0,2.0,113,47,0,9,20376.0,26000.0,24223.488,20193048.0
809,2.0,151.0,2.0,57,97,0,9,19172.93,19500.0,23315.646,20193050.0
810,2.0,159.0,2.0,57,97,0,9,17339.45,19500.0,17188.201,20193052.0
811,2.0,0.0,2.0,61,2,0,9,19599.0,17000.0,14367.702,20193055.0
812,2.0,0.0,2.0,53,22,0,9,16371.0,11000.0,14517.259,20193057.0
813,1.0,65.0,1.0,95,47,0,9,7345.9,12500.0,6202.8535,20193058.0
814,2.0,0.0,2.0,49,47,0,9,14918.0,14500.0,11064.647,20193067.0
815,2.0,100.0,2.0,27,4,0,9,18422.0,17000.0,22835.457,20193069.0
816,2.0,0.0,2.0,27,30,0,9,23843.0,25000.0,30588.69,20193071.0
817,3.0,220.0,3.0,28,62,0,9,22364.8,28000.0,31672.984,20193074.0
818,2.0,99.0,2.0,22,62,0,9,15567.48,9000.0,12198.072,20193075.0
819,2.0,0.0,2.0,0,47,0,9,14843.97,9000.0,14088.859,20193076.0
820,2.0,0.0,2.0,4,55,0,9,14110.95,7500.0,16613.416,20193080.0
821,1.0,0.0,1.0,53,22,0,9,6814.26,2750.0,5350.948,20193086.0
822,4.0,0.0,4.0,17,92,0,9,49495.0,50000.0,42325.95,20193092.0
823,1.0,0.0,1.0,23,28,0,9,9252.0,6200.0,7045.1416,20193094.0
824,2.0,0.0,2.0,41,44,2,9,19253.5,16000.0,14822.743,20193106.0
825,1.0,0.0,1.0,53,22,0,9,6814.26,2750.0,5350.948,20193109.0
826,2.0,89.0,2.0,94,91,0,9,12613.66,10000.0,9796.15,20193119.0
